date,serial_number,model,capacity_bytes,failure,smart_1_normalized,smart_1_raw,smart_2_normalized,smart_2_raw,smart_3_normalized,smart_3_raw,smart_4_normalized,smart_4_raw,smart_5_normalized,smart_5_raw,smart_7_normalized,smart_7_raw,smart_8_normalized,smart_8_raw,smart_9_normalized,smart_9_raw,smart_10_normalized,smart_10_raw,smart_11_normalized,smart_11_raw,smart_12_normalized,smart_12_raw,smart_13_normalized,smart_13_raw,smart_15_normalized,smart_15_raw,smart_183_normalized,smart_183_raw,smart_184_normalized,smart_184_raw,smart_187_normalized,smart_187_raw,smart_188_normalized,smart_188_raw,smart_189_normalized,smart_189_raw,smart_190_normalized,smart_190_raw,smart_191_normalized,smart_191_raw,smart_192_normalized,smart_192_raw,smart_193_normalized,smart_193_raw,smart_194_normalized,smart_194_raw,smart_195_normalized,smart_195_raw,smart_196_normalized,smart_196_raw,smart_197_normalized,smart_197_raw,smart_198_normalized,smart_198_raw,smart_199_normalized,smart_199_raw,smart_200_normalized,smart_200_raw,smart_201_normalized,smart_201_raw,smart_223_normalized,smart_223_raw,smart_225_normalized,smart_225_raw,smart_240_normalized,smart_240_raw,smart_241_normalized,smart_241_raw,smart_242_normalized,smart_242_raw,smart_250_normalized,smart_250_raw,smart_251_normalized,smart_251_raw,smart_252_normalized,smart_252_raw,smart_254_normalized,smart_254_raw,smart_255_normalized,smart_255_raw
2013-08-20,W300DKK8,ST4000DM000,4000787030016,0,,85674320,,,,,,,,0,,,,,,1576,,,,,,,,,,,,,,,,,,,,,,,,,,,,,,20,,,,,,0,,,,,,,,,,,,,,,,,,,,,,,,,,,,
2013-08-20,W1F09A4L,ST3000DM001,3000592982016,0,,135549136,,,,,,,,0,,,,,,12000,,,,,,,,,,,,,,,,,,,,,,,,,,,,,,19,,,,,,0,,,,,,,,,,,,,,,,,,,,,,,,,,,,
2013-08-20,W300A6G2,ST4000DM000,4000787030016,0,,78030704,,,,,,,,0,,,,,,1576,,,,,,,,,,,,,,,,,,,,,,,,,,,,,,23,,,,,,0,,,,,,,,,,,,,,,,,,,,,,,,,,,,
2013-08-20,W30091JW,ST4000DM000,4000787030016,0,,153940968,,,,,,,,0,,,,,,1577,,,,,,,,,,,,,,,,,,,,,,,,,,,,,,21,,,,,,0,,,,,,,,,,,,,,,,,,,,,,,,,,,,
2013-08-20,PL1331LAGB4EVH,Hitachi HDS5C4040ALE630,4000787030016,0,,0,,,,,,,,0,,,,,,2372,,,,,,,,,,,,,,,,,,,,,,,,,,,,,,27,,,,,,0,,,,,,,,,,,,,,,,,,,,,,,,,,,,
2013-08-20,MJ1323YNG1SHWC,Hitachi HDS5C3030ALA630,3000592982016,0,,0,,,,,,,,0,,,,,,16608,,,,,,,,,,,,,,,,,,,,,,,,,,,,,,27,,,,,,0,,,,,,,,,,,,,,,,,,,,,,,,,,,,
2013-08-20,W1F09VXK,ST3000DM001,3000592982016,0,,241924152,,,,,,,,0,,,,,,12000,,,,,,,,,,,,,,,,,,,,,,,,,,,,,,22,,,,,,0,,,,,,,,,,,,,,,,,,,,,,,,,,,,
2013-08-20,W300DZX6,ST4000DM000,4000787030016,0,,132619176,,,,,,,,0,,,,,,1577,,,,,,,,,,,,,,,,,,,,,,,,,,,,,,20,,,,,,0,,,,,,,,,,,,,,,,,,,,,,,,,,,,
2013-08-20,PL1321LAGABHGH,Hitachi HDS5C4040ALE630,4000787030016,0,,0,,,,,,,,0,,,,,,2371,,,,,,,,,,,,,,,,,,,,,,,,,,,,,,28,,,,,,0,,,,,,,,,,,,,,,,,,,,,,,,,,,,
2013-08-20,PL1331LAGA6A1H,Hitachi HDS5C4040ALE630,4000787030016,0,,0,,,,,,,,0,,,,,,2371,,,,,,,,,,,,,,,,,,,,,,,,,,,,,,27,,,,,,0,,,,,,,,,,,,,,,,,,,,,,,,,,,,
2013-08-20,Z300GYLP,ST4000DM000,4000787030016,0,,165796888,,,,,,,,0,,,,,,875,,,,,,,,,,,,,,,,,,,,,,,,,,,,,,26,,,,,,0,,,,,,,,,,,,,,,,,,,,,,,,,,,,
2013-08-20,PL1331LAGBG9PH,Hitachi HDS5C4040ALE630,4000787030016,0,,0,,,,,,,,0,,,,,,2375,,,,,,,,,,,,,,,,,,,,,,,,,,,,,,23,,,,,,0,,,,,,,,,,,,,,,,,,,,,,,,,,,,
2013-08-20,Z300GYS7,ST4000DM000,4000787030016,0,,241873576,,,,,,,,0,,,,,,875,,,,,,,,,,,,,,,,,,,,,,,,,,,,,,24,,,,,,0,,,,,,,,,,,,,,,,,,,,,,,,,,,,
2013-08-20,S1F0LX7C,ST3000DM001,3000592982016,0,,6494576,,,,,,,,0,,,,,,4808,,,,,,,,,,,,,,,,,,,,,,,,,,,,,,23,,,,,,0,,,,,,,,,,,,,,,,,,,,,,,,,,,,
2013-08-20,W300D909,ST4000DM000,4000787030016,0,,237394216,,,,,,,,0,,,,,,1576,,,,,,,,,,,,,,,,,,,,,,,,,,,,,,17,,,,,,0,,,,,,,,,,,,,,,,,,,,,,,,,,,,
2013-08-20,W1F0YJ6K,ST3000DM001,3000592982016,0,,140161184,,,,,,,,0,,,,,,5338,,,,,,,,,,,,,,,,,,,,,,,,,,,,,,24,,,,,,0,,,,,,,,,,,,,,,,,,,,,,,,,,,,
2013-08-20,Z1F036HA,ST3000DM001,3000592982016,0,,241091984,,,,,,,,0,,,,,,10881,,,,,,,,,,,,,,,,,,,,,,,,,,,,,,20,,,,,,0,,,,,,,,,,,,,,,,,,,,,,,,,,,,
2013-08-20,MJ1323YNG1U3GC,Hitachi HDS5C3030ALA630,3000592982016,0,,0,,,,,,,,0,,,,,,16607,,,,,,,,,,,,,,,,,,,,,,,,,,,,,,29,,,,,,0,,,,,,,,,,,,,,,,,,,,,,,,,,,,
2013-08-20,Z300GPK3,ST4000DM000,4000787030016,0,,106498752,,,,,,,,0,,,,,,939,,,,,,,,,,,,,,,,,,,,,,,,,,,,,,26,,,,,,0,,,,,,,,,,,,,,,,,,,,,,,,,,,,
2013-08-20,MJ1323YNG1SM5C,Hitachi HDS5C3030ALA630,3000592982016,0,,0,,,,,,,,0,,,,,,16607,,,,,,,,,,,,,,,,,,,,,,,,,,,,,,29,,,,,,0,,,,,,,,,,,,,,,,,,,,,,,,,,,,
2013-08-20,PL2321LAGAS6EJ,Hitachi HDS5C4040ALE630,4000787030016,0,,0,,,,,,,,0,,,,,,2371,,,,,,,,,,,,,,,,,,,,,,,,,,,,,,30,,,,,,0,,,,,,,,,,,,,,,,,,,,,,,,,,,,
2013-08-20,JK11A8YBKRWKPF,Hitachi HDS722020ALA330,2000398934016,0,,7,,,,,,,,0,,,,,,632,,,,,,,,,,,,,,,,,,,,,,,,,,,,,,28,,,,,,0,,,,,,,,,,,,,,,,,,,,,,,,,,,,
2013-08-20,W300BLXP,ST4000DM000,4000787030016,0,,1251488,,,,,,,,0,,,,,,1576,,,,,,,,,,,,,,,,,,,,,,,,,,,,,,23,,,,,,0,,,,,,,,,,,,,,,,,,,,,,,,,,,,
2013-08-20,MJ1311YNG3EEAA,Hitachi HDS5C3030ALA630,3000592982016,0,,0,,,,,,,,0,,,,,,16608,,,,,,,,,,,,,,,,,,,,,,,,,,,,,,23,,,,,,0,,,,,,,,,,,,,,,,,,,,,,,,,,,,
2013-08-20,JK11A8B9J94XAF,Hitachi HDS722020ALA330,2000398934016,0,,0,,,,,,,,22,,,,,,21783,,,,,,,,,,,,,,,,,,,,,,,,,,,,,,31,,,,,,3,,,,,,,,,,,,,,,,,,,,,,,,,,,,
2013-08-20,JK11A8B9J95XWF,Hitachi HDS722020ALA330,2000398934016,0,,0,,,,,,,,0,,,,,,21783,,,,,,,,,,,,,,,,,,,,,,,,,,,,,,31,,,,,,0,,,,,,,,,,,,,,,,,,,,,,,,,,,,
2013-08-20,JK11A8B9J7R20F,Hitachi HDS722020ALA330,2000398934016,0,,0,,,,,,,,0,,,,,,21783,,,,,,,,,,,,,,,,,,,,,,,,,,,,,,30,,,,,,0,,,,,,,,,,,,,,,,,,,,,,,,,,,,
2013-08-20,JK11A8B9J5HHPF,Hitachi HDS722020ALA330,2000398934016,0,,0,,,,,,,,0,,,,,,21783,,,,,,,,,,,,,,,,,,,,,,,,,,,,,,31,,,,,,0,,,,,,,,,,,,,,,,,,,,,,,,,,,,
2013-08-20,JK11A8B9J91AAF,Hitachi HDS722020ALA330,2000398934016,0,,0,,,,,,,,0,,,,,,21784,,,,,,,,,,,,,,,,,,,,,,,,,,,,,,31,,,,,,0,,,,,,,,,,,,,,,,,,,,,,,,,,,,
2013-08-20,JK11A8B9J8HKTF,Hitachi HDS722020ALA330,2000398934016,0,,0,,,,,,,,0,,,,,,21784,,,,,,,,,,,,,,,,,,,,,,,,,,,,,,30,,,,,,0,,,,,,,,,,,,,,,,,,,,,,,,,,,,
2013-08-20,JK11A8B9J98X5F,Hitachi HDS722020ALA330,2000398934016,0,,0,,,,,,,,0,,,,,,21783,,,,,,,,,,,,,,,,,,,,,,,,,,,,,,31,,,,,,0,,,,,,,,,,,,,,,,,,,,,,,,,,,,
2013-08-20,W300D50C,ST4000DM000,4000787030016,0,,159777184,,,,,,,,0,,,,,,1576,,,,,,,,,,,,,,,,,,,,,,,,,,,,,,22,,,,,,0,,,,,,,,,,,,,,,,,,,,,,,,,,,,
2013-08-20,W1F09TDD,ST3000DM001,3000592982016,0,,75283880,,,,,,,,0,,,,,,11996,,,,,,,,,,,,,,,,,,,,,,,,,,,,,,23,,,,,,0,,,,,,,,,,,,,,,,,,,,,,,,,,,,
2013-08-20,Z300GPGP,ST4000DM000,4000787030016,0,,185938776,,,,,,,,0,,,,,,875,,,,,,,,,,,,,,,,,,,,,,,,,,,,,,24,,,,,,0,,,,,,,,,,,,,,,,,,,,,,,,,,,,
2013-08-20,W300B5DZ,ST4000DM000,4000787030016,0,,101152048,,,,,,,,0,,,,,,1577,,,,,,,,,,,,,,,,,,,,,,,,,,,,,,21,,,,,,0,,,,,,,,,,,,,,,,,,,,,,,,,,,,
2013-08-20,W1F08FA0,ST3000DM001,3000592982016,0,,29602168,,,,,,,,0,,,,,,11999,,,,,,,,,,,,,,,,,,,,,,,,,,,,,,17,,,,,,8,,,,,,,,,,,,,,,,,,,,,,,,,,,,
2013-08-20,JK11A8B9J94T8F,Hitachi HDS722020ALA330,2000398934016,0,,0,,,,,,,,0,,,,,,21784,,,,,,,,,,,,,,,,,,,,,,,,,,,,,,29,,,,,,0,,,,,,,,,,,,,,,,,,,,,,,,,,,,
2013-08-20,JK11A8B9J8GVHF,Hitachi HDS722020ALA330,2000398934016,0,,0,,,,,,,,0,,,,,,21784,,,,,,,,,,,,,,,,,,,,,,,,,,,,,,27,,,,,,0,,,,,,,,,,,,,,,,,,,,,,,,,,,,
2013-08-20,W1F0A448,ST3000DM001,3000592982016,0,,226968288,,,,,,,,0,,,,,,12003,,,,,,,,,,,,,,,,,,,,,,,,,,,,,,19,,,,,,0,,,,,,,,,,,,,,,,,,,,,,,,,,,,
2013-08-20,PL1321LAGAZJ3H,Hitachi HDS5C4040ALE630,4000787030016,0,,0,,,,,,,,0,,,,,,2371,,,,,,,,,,,,,,,,,,,,,,,,,,,,,,27,,,,,,0,,,,,,,,,,,,,,,,,,,,,,,,,,,,
2013-08-20,W1F099HF,ST3000DM001,3000592982016,0,,213414784,,,,,,,,0,,,,,,11996,,,,,,,,,,,,,,,,,,,,,,,,,,,,,,23,,,,,,0,,,,,,,,,,,,,,,,,,,,,,,,,,,,
2013-08-20,JK11A8B9J9KW3F,Hitachi HDS722020ALA330,2000398934016,0,,0,,,,,,,,0,,,,,,21784,,,,,,,,,,,,,,,,,,,,,,,,,,,,,,28,,,,,,0,,,,,,,,,,,,,,,,,,,,,,,,,,,,
2013-08-20,Z300GPKX,ST4000DM000,4000787030016,0,,133326688,,,,,,,,0,,,,,,939,,,,,,,,,,,,,,,,,,,,,,,,,,,,,,25,,,,,,0,,,,,,,,,,,,,,,,,,,,,,,,,,,,
2013-08-20,W1F0A11P,ST3000DM001,3000592982016,0,,117112320,,,,,,,,0,,,,,,12000,,,,,,,,,,,,,,,,,,,,,,,,,,,,,,23,,,,,,0,,,,,,,,,,,,,,,,,,,,,,,,,,,,
2013-08-20,JK11A8B9J978GF,Hitachi HDS722020ALA330,2000398934016,0,,0,,,,,,,,0,,,,,,21783,,,,,,,,,,,,,,,,,,,,,,,,,,,,,,32,,,,,,0,,,,,,,,,,,,,,,,,,,,,,,,,,,,
2013-08-20,W300B5PW,ST4000DM000,4000787030016,0,,64778152,,,,,,,,0,,,,,,1576,,,,,,,,,,,,,,,,,,,,,,,,,,,,,,23,,,,,,0,,,,,,,,,,,,,,,,,,,,,,,,,,,,
2013-08-20,W300BLXC,ST4000DM000,4000787030016,0,,216484824,,,,,,,,0,,,,,,1576,,,,,,,,,,,,,,,,,,,,,,,,,,,,,,18,,,,,,0,,,,,,,,,,,,,,,,,,,,,,,,,,,,
2013-08-20,W300D8ZD,ST4000DM000,4000787030016,0,,46577736,,,,,,,,0,,,,,,1577,,,,,,,,,,,,,,,,,,,,,,,,,,,,,,22,,,,,,0,,,,,,,,,,,,,,,,,,,,,,,,,,,,
2013-08-20,Z1F148T1,ST3000DM001,3000592982016,0,,145052160,,,,,,,,0,,,,,,5315,,,,,,,,,,,,,,,,,,,,,,,,,,,,,,24,,,,,,0,,,,,,,,,,,,,,,,,,,,,,,,,,,,
2013-08-20,S1F122KD,ST3000DM001,3000592982016,0,,37783176,,,,,,,,0,,,,,,5315,,,,,,,,,,,,,,,,,,,,,,,,,,,,,,22,,,,,,0,,,,,,,,,,,,,,,,,,,,,,,,,,,,
2013-08-20,Z300GZ81,ST4000DM000,4000787030016,0,,139352440,,,,,,,,0,,,,,,875,,,,,,,,,,,,,,,,,,,,,,,,,,,,,,25,,,,,,0,,,,,,,,,,,,,,,,,,,,,,,,,,,,
2013-08-20,W300EA8Z,ST4000DM000,4000787030016,0,,204876856,,,,,,,,0,,,,,,1577,,,,,,,,,,,,,,,,,,,,,,,,,,,,,,19,,,,,,0,,,,,,,,,,,,,,,,,,,,,,,,,,,,
2013-08-20,PL1331LAGAZ6SH,Hitachi HDS5C4040ALE630,4000787030016,0,,0,,,,,,,,0,,,,,,2375,,,,,,,,,,,,,,,,,,,,,,,,,,,,,,25,,,,,,0,,,,,,,,,,,,,,,,,,,,,,,,,,,,
2013-08-20,W1F09VYS,ST3000DM001,3000592982016,0,,56992800,,,,,,,,0,,,,,,11999,,,,,,,,,,,,,,,,,,,,,,,,,,,,,,23,,,,,,0,,,,,,,,,,,,,,,,,,,,,,,,,,,,
2013-08-20,MJ1321YNG0JU6A,Hitachi HDS5C3030ALA630,3000592982016,0,,0,,,,,,,,8,,,,,,16608,,,,,,,,,,,,,,,,,,,,,,,,,,,,,,25,,,,,,0,,,,,,,,,,,,,,,,,,,,,,,,,,,,
2013-08-20,S1F13CMG,ST3000DM001,3000592982016,0,,201747808,,,,,,,,0,,,,,,5314,,,,,,,,,,,,,,,,,,,,,,,,,,,,,,23,,,,,,0,,,,,,,,,,,,,,,,,,,,,,,,,,,,
2013-08-20,Z300GPKJ,ST4000DM000,4000787030016,0,,182319184,,,,,,,,0,,,,,,875,,,,,,,,,,,,,,,,,,,,,,,,,,,,,,26,,,,,,0,,,,,,,,,,,,,,,,,,,,,,,,,,,,
2013-08-20,Z300GYT1,ST4000DM000,4000787030016,0,,152274296,,,,,,,,0,,,,,,939,,,,,,,,,,,,,,,,,,,,,,,,,,,,,,26,,,,,,0,,,,,,,,,,,,,,,,,,,,,,,,,,,,
2013-08-20,Z1F0C4Q1,ST3000DM001,3000592982016,0,,114725456,,,,,,,,0,,,,,,11409,,,,,,,,,,,,,,,,,,,,,,,,,,,,,,18,,,,,,0,,,,,,,,,,,,,,,,,,,,,,,,,,,,
2013-08-20,W1F099YL,ST3000DM001,3000592982016,0,,153285528,,,,,,,,0,,,,,,12000,,,,,,,,,,,,,,,,,,,,,,,,,,,,,,19,,,,,,0,,,,,,,,,,,,,,,,,,,,,,,,,,,,
2013-08-20,JK11A8B9J926LF,Hitachi HDS722020ALA330,2000398934016,0,,0,,,,,,,,0,,,,,,21783,,,,,,,,,,,,,,,,,,,,,,,,,,,,,,31,,,,,,0,,,,,,,,,,,,,,,,,,,,,,,,,,,,
2013-08-20,Z300GYY6,ST4000DM000,4000787030016,0,,115175208,,,,,,,,0,,,,,,939,,,,,,,,,,,,,,,,,,,,,,,,,,,,,,26,,,,,,0,,,,,,,,,,,,,,,,,,,,,,,,,,,,
2013-08-20,W1F0A46X,ST3000DM001,3000592982016,0,,27129384,,,,,,,,0,,,,,,11999,,,,,,,,,,,,,,,,,,,,,,,,,,,,,,19,,,,,,0,,,,,,,,,,,,,,,,,,,,,,,,,,,,
2013-08-20,JK11A8B9J929VF,Hitachi HDS722020ALA330,2000398934016,0,,0,,,,,,,,0,,,,,,21784,,,,,,,,,,,,,,,,,,,,,,,,,,,,,,30,,,,,,0,,,,,,,,,,,,,,,,,,,,,,,,,,,,
2013-08-20,S1F018CZ,ST3000DM001,3000592982016,0,,37637728,,,,,,,,0,,,,,,2618,,,,,,,,,,,,,,,,,,,,,,,,,,,,,,23,,,,,,0,,,,,,,,,,,,,,,,,,,,,,,,,,,,
2013-08-20,MJ1313YNG2GHPC,Hitachi HDS5C3030ALA630,3000592982016,0,,0,,,,,,,,0,,,,,,16608,,,,,,,,,,,,,,,,,,,,,,,,,,,,,,28,,,,,,0,,,,,,,,,,,,,,,,,,,,,,,,,,,,
2013-08-20,W300BPMF,ST4000DM000,4000787030016,0,,109630072,,,,,,,,0,,,,,,1577,,,,,,,,,,,,,,,,,,,,,,,,,,,,,,21,,,,,,0,,,,,,,,,,,,,,,,,,,,,,,,,,,,
2013-08-20,Z1F1652D,ST3000DM001,3000592982016,0,,112667968,,,,,,,,0,,,,,,5315,,,,,,,,,,,,,,,,,,,,,,,,,,,,,,26,,,,,,0,,,,,,,,,,,,,,,,,,,,,,,,,,,,
2013-08-20,Z300GYPH,ST4000DM000,4000787030016,0,,97652880,,,,,,,,0,,,,,,939,,,,,,,,,,,,,,,,,,,,,,,,,,,,,,26,,,,,,0,,,,,,,,,,,,,,,,,,,,,,,,,,,,
2013-08-20,PL2321LAGASHXJ,Hitachi HDS5C4040ALE630,4000787030016,0,,0,,,,,,,,0,,,,,,2375,,,,,,,,,,,,,,,,,,,,,,,,,,,,,,24,,,,,,0,,,,,,,,,,,,,,,,,,,,,,,,,,,,
2013-08-20,W1F0A60H,ST3000DM001,3000592982016,0,,49737376,,,,,,,,0,,,,,,11998,,,,,,,,,,,,,,,,,,,,,,,,,,,,,,20,,,,,,0,,,,,,,,,,,,,,,,,,,,,,,,,,,,
2013-08-20,W1F1BFHS,ST3000DM001,3000592982016,0,,192182920,,,,,,,,0,,,,,,5336,,,,,,,,,,,,,,,,,,,,,,,,,,,,,,21,,,,,,0,,,,,,,,,,,,,,,,,,,,,,,,,,,,
2013-08-20,MJ1323YNG1TULC,Hitachi HDS5C3030ALA630,3000592982016,0,,0,,,,,,,,0,,,,,,16607,,,,,,,,,,,,,,,,,,,,,,,,,,,,,,29,,,,,,0,,,,,,,,,,,,,,,,,,,,,,,,,,,,
2013-08-20,PL1331LAGB4XZH,Hitachi HDS5C4040ALE630,4000787030016,0,,0,,,,,,,,0,,,,,,2371,,,,,,,,,,,,,,,,,,,,,,,,,,,,,,26,,,,,,0,,,,,,,,,,,,,,,,,,,,,,,,,,,,
2013-08-20,W30093NN,ST4000DM000,4000787030016,0,,184644056,,,,,,,,0,,,,,,1576,,,,,,,,,,,,,,,,,,,,,,,,,,,,,,22,,,,,,0,,,,,,,,,,,,,,,,,,,,,,,,,,,,
2013-08-20,PL1321LAGAXKKH,Hitachi HDS5C4040ALE630,4000787030016,0,,0,,,,,,,,0,,,,,,2375,,,,,,,,,,,,,,,,,,,,,,,,,,,,,,28,,,,,,0,,,,,,,,,,,,,,,,,,,,,,,,,,,,
2013-08-20,MJ1323YNG1M6RC,Hitachi HDS5C3030ALA630,3000592982016,0,,0,,,,,,,,0,,,,,,16607,,,,,,,,,,,,,,,,,,,,,,,,,,,,,,25,,,,,,0,,,,,,,,,,,,,,,,,,,,,,,,,,,,
2013-08-20,Z300FP54,ST4000DM000,4000787030016,0,,79352304,,,,,,,,0,,,,,,939,,,,,,,,,,,,,,,,,,,,,,,,,,,,,,25,,,,,,0,,,,,,,,,,,,,,,,,,,,,,,,,,,,
2013-08-20,W1F1BRM3,ST3000DM001,3000592982016,0,,193416488,,,,,,,,0,,,,,,5315,,,,,,,,,,,,,,,,,,,,,,,,,,,,,,20,,,,,,0,,,,,,,,,,,,,,,,,,,,,,,,,,,,
2013-08-20,Z300GZDD,ST4000DM000,4000787030016,0,,19381528,,,,,,,,0,,,,,,939,,,,,,,,,,,,,,,,,,,,,,,,,,,,,,26,,,,,,0,,,,,,,,,,,,,,,,,,,,,,,,,,,,
2013-08-20,W1F09Y61,ST3000DM001,3000592982016,0,,24437464,,,,,,,,0,,,,,,11996,,,,,,,,,,,,,,,,,,,,,,,,,,,,,,21,,,,,,0,,,,,,,,,,,,,,,,,,,,,,,,,,,,
2013-08-20,MJ1323YNG1PGWC,Hitachi HDS5C3030ALA630,3000592982016,0,,0,,,,,,,,0,,,,,,16607,,,,,,,,,,,,,,,,,,,,,,,,,,,,,,28,,,,,,0,,,,,,,,,,,,,,,,,,,,,,,,,,,,
2013-08-20,JK11A8B9J8ZVNF,Hitachi HDS722020ALA330,2000398934016,0,,0,,,,,,,,0,,,,,,21784,,,,,,,,,,,,,,,,,,,,,,,,,,,,,,31,,,,,,0,,,,,,,,,,,,,,,,,,,,,,,,,,,,
2013-08-20,W300DB1Q,ST4000DM000,4000787030016,0,,226621208,,,,,,,,0,,,,,,1577,,,,,,,,,,,,,,,,,,,,,,,,,,,,,,20,,,,,,0,,,,,,,,,,,,,,,,,,,,,,,,,,,,
2013-08-20,S1F12ZRR,ST3000DM001,3000592982016,0,,182766440,,,,,,,,0,,,,,,5315,,,,,,,,,,,,,,,,,,,,,,,,,,,,,,22,,,,,,0,,,,,,,,,,,,,,,,,,,,,,,,,,,,
2013-08-20,PL2321LAGASHNJ,Hitachi HDS5C4040ALE630,4000787030016,0,,0,,,,,,,,0,,,,,,2371,,,,,,,,,,,,,,,,,,,,,,,,,,,,,,28,,,,,,0,,,,,,,,,,,,,,,,,,,,,,,,,,,,
2013-08-20,Z300GZ79,ST4000DM000,4000787030016,0,,217619048,,,,,,,,0,,,,,,939,,,,,,,,,,,,,,,,,,,,,,,,,,,,,,25,,,,,,0,,,,,,,,,,,,,,,,,,,,,,,,,,,,
2013-08-20,PL1321LAGAY83H,Hitachi HDS5C4040ALE630,4000787030016,0,,0,,,,,,,,0,,,,,,2375,,,,,,,,,,,,,,,,,,,,,,,,,,,,,,22,,,,,,0,,,,,,,,,,,,,,,,,,,,,,,,,,,,
2013-08-20,JK11A8B9J7EZJF,Hitachi HDS722020ALA330,2000398934016,0,,0,,,,,,,,1,,,,,,21784,,,,,,,,,,,,,,,,,,,,,,,,,,,,,,28,,,,,,0,,,,,,,,,,,,,,,,,,,,,,,,,,,,
2013-08-20,MJ1323YNG1TV3C,Hitachi HDS5C3030ALA630,3000592982016,0,,0,,,,,,,,0,,,,,,16607,,,,,,,,,,,,,,,,,,,,,,,,,,,,,,28,,,,,,0,,,,,,,,,,,,,,,,,,,,,,,,,,,,
2013-08-20,W300CA6M,ST4000DM000,4000787030016,0,,211634608,,,,,,,,0,,,,,,1576,,,,,,,,,,,,,,,,,,,,,,,,,,,,,,18,,,,,,0,,,,,,,,,,,,,,,,,,,,,,,,,,,,
2013-08-20,Z300GQAV,ST4000DM000,4000787030016,0,,74291728,,,,,,,,0,,,,,,875,,,,,,,,,,,,,,,,,,,,,,,,,,,,,,23,,,,,,0,,,,,,,,,,,,,,,,,,,,,,,,,,,,
2013-08-20,PL1331LAGB4E1H,Hitachi HDS5C4040ALE630,4000787030016,0,,0,,,,,,,,0,,,,,,2375,,,,,,,,,,,,,,,,,,,,,,,,,,,,,,23,,,,,,0,,,,,,,,,,,,,,,,,,,,,,,,,,,,
2013-08-20,JK11A8B9J5HRLF,Hitachi HDS722020ALA330,2000398934016,0,,0,,,,,,,,0,,,,,,21784,,,,,,,,,,,,,,,,,,,,,,,,,,,,,,31,,,,,,0,,,,,,,,,,,,,,,,,,,,,,,,,,,,
2013-08-20,W300E0B9,ST4000DM000,4000787030016,0,,196913368,,,,,,,,0,,,,,,1577,,,,,,,,,,,,,,,,,,,,,,,,,,,,,,18,,,,,,0,,,,,,,,,,,,,,,,,,,,,,,,,,,,
2013-08-20,MJ1323YNG1TV5C,Hitachi HDS5C3030ALA630,3000592982016,0,,0,,,,,,,,0,,,,,,16607,,,,,,,,,,,,,,,,,,,,,,,,,,,,,,29,,,,,,0,,,,,,,,,,,,,,,,,,,,,,,,,,,,
2013-08-20,W1F03Z30,ST3000DM001,3000592982016,0,,198232656,,,,,,,,0,,,,,,12000,,,,,,,,,,,,,,,,,,,,,,,,,,,,,,24,,,,,,0,,,,,,,,,,,,,,,,,,,,,,,,,,,,
2013-08-20,MN1221F306RB6D,Hitachi HDS723020BLA642,2000398934016,0,,65536,,,,,,,,0,,,,,,945,,,,,,,,,,,,,,,,,,,,,,,,,,,,,,29,,,,,,0,,,,,,,,,,,,,,,,,,,,,,,,,,,,
2013-08-20,JK11A8B9J7G1BF,Hitachi HDS722020ALA330,2000398934016,0,,0,,,,,,,,0,,,,,,21784,,,,,,,,,,,,,,,,,,,,,,,,,,,,,,31,,,,,,0,,,,,,,,,,,,,,,,,,,,,,,,,,,,
2013-08-20,PL1321LAGAYPJH,Hitachi HDS5C4040ALE630,4000787030016,0,,0,,,,,,,,0,,,,,,2375,,,,,,,,,,,,,,,,,,,,,,,,,,,,,,23,,,,,,0,,,,,,,,,,,,,,,,,,,,,,,,,,,,
2013-08-20,W1F0FVS9,ST3000DM001,3000592982016,0,,183031760,,,,,,,,0,,,,,,9512,,,,,,,,,,,,,,,,,,,,,,,,,,,,,,20,,,,,,0,,,,,,,,,,,,,,,,,,,,,,,,,,,,
2013-08-20,W1F1N6V6,ST3000DM001,3000592982016,0,,218301880,,,,,,,,0,,,,,,5313,,,,,,,,,,,,,,,,,,,,,,,,,,,,,,24,,,,,,0,,,,,,,,,,,,,,,,,,,,,,,,,,,,
2013-08-20,W1F09T84,ST3000DM001,3000592982016,0,,102248128,,,,,,,,0,,,,,,11998,,,,,,,,,,,,,,,,,,,,,,,,,,,,,,19,,,,,,8,,,,,,,,,,,,,,,,,,,,,,,,,,,,
2013-08-20,W1F1MRP9,ST3000DM001,3000592982016,0,,196087192,,,,,,,,0,,,,,,5312,,,,,,,,,,,,,,,,,,,,,,,,,,,,,,24,,,,,,0,,,,,,,,,,,,,,,,,,,,,,,,,,,,
2013-08-20,PL2321LAGARWEJ,Hitachi HDS5C4040ALE630,4000787030016,0,,0,,,,,,,,0,,,,,,2375,,,,,,,,,,,,,,,,,,,,,,,,,,,,,,26,,,,,,0,,,,,,,,,,,,,,,,,,,,,,,,,,,,
2013-08-20,PL1331LAGB9KMH,Hitachi HDS5C4040ALE630,4000787030016,0,,0,,,,,,,,0,,,,,,2375,,,,,,,,,,,,,,,,,,,,,,,,,,,,,,29,,,,,,0,,,,,,,,,,,,,,,,,,,,,,,,,,,,
2013-08-20,W1F0A0SA,ST3000DM001,3000592982016,0,,225428360,,,,,,,,0,,,,,,11994,,,,,,,,,,,,,,,,,,,,,,,,,,,,,,21,,,,,,0,,,,,,,,,,,,,,,,,,,,,,,,,,,,
2013-08-20,W300EGSK,ST4000DM000,4000787030016,0,,110532136,,,,,,,,0,,,,,,1577,,,,,,,,,,,,,,,,,,,,,,,,,,,,,,21,,,,,,0,,,,,,,,,,,,,,,,,,,,,,,,,,,,
2013-08-20,W300E26D,ST4000DM000,4000787030016,0,,10763872,,,,,,,,0,,,,,,1576,,,,,,,,,,,,,,,,,,,,,,,,,,,,,,18,,,,,,0,,,,,,,,,,,,,,,,,,,,,,,,,,,,
2013-08-20,MJ1323YNG1UD5C,Hitachi HDS5C3030ALA630,3000592982016,0,,0,,,,,,,,0,,,,,,16608,,,,,,,,,,,,,,,,,,,,,,,,,,,,,,28,,,,,,0,,,,,,,,,,,,,,,,,,,,,,,,,,,,
2013-08-20,W1F1ARBY,ST3000DM001,3000592982016,0,,96768360,,,,,,,,8,,,,,,5336,,,,,,,,,,,,,,,,,,,,,,,,,,,,,,25,,,,,,0,,,,,,,,,,,,,,,,,,,,,,,,,,,,
2013-08-20,W300CY5P,ST4000DM000,4000787030016,0,,97085072,,,,,,,,0,,,,,,1577,,,,,,,,,,,,,,,,,,,,,,,,,,,,,,21,,,,,,0,,,,,,,,,,,,,,,,,,,,,,,,,,,,
2013-08-20,PL1331LAGAZ8LH,Hitachi HDS5C4040ALE630,4000787030016,0,,0,,,,,,,,0,,,,,,2375,,,,,,,,,,,,,,,,,,,,,,,,,,,,,,26,,,,,,0,,,,,,,,,,,,,,,,,,,,,,,,,,,,
2013-08-20,Z1F11SYE,ST3000DM001,3000592982016,0,,243004520,,,,,,,,0,,,,,,5315,,,,,,,,,,,,,,,,,,,,,,,,,,,,,,25,,,,,,0,,,,,,,,,,,,,,,,,,,,,,,,,,,,
2013-08-20,JK11A8B9J8YJHF,Hitachi HDS722020ALA330,2000398934016,0,,0,,,,,,,,0,,,,,,21785,,,,,,,,,,,,,,,,,,,,,,,,,,,,,,27,,,,,,0,,,,,,,,,,,,,,,,,,,,,,,,,,,,
2013-08-20,W300D4PR,ST4000DM000,4000787030016,0,,29800920,,,,,,,,0,,,,,,1578,,,,,,,,,,,,,,,,,,,,,,,,,,,,,,20,,,,,,0,,,,,,,,,,,,,,,,,,,,,,,,,,,,
2013-08-20,Z300GZ11,ST4000DM000,4000787030016,0,,244132976,,,,,,,,0,,,,,,875,,,,,,,,,,,,,,,,,,,,,,,,,,,,,,24,,,,,,0,,,,,,,,,,,,,,,,,,,,,,,,,,,,
2013-08-20,PL1331LAGB4PPH,Hitachi HDS5C4040ALE630,4000787030016,0,,0,,,,,,,,0,,,,,,2371,,,,,,,,,,,,,,,,,,,,,,,,,,,,,,29,,,,,,0,,,,,,,,,,,,,,,,,,,,,,,,,,,,
2013-08-20,MJ1311YNG3EJXA,Hitachi HDS5C3030ALA630,3000592982016,0,,0,,,,,,,,0,,,,,,16608,,,,,,,,,,,,,,,,,,,,,,,,,,,,,,27,,,,,,0,,,,,,,,,,,,,,,,,,,,,,,,,,,,
2013-08-20,PL1321LAGAY4GH,Hitachi HDS5C4040ALE630,4000787030016,0,,0,,,,,,,,0,,,,,,2375,,,,,,,,,,,,,,,,,,,,,,,,,,,,,,25,,,,,,0,,,,,,,,,,,,,,,,,,,,,,,,,,,,
2013-08-20,MJ1311YNG3E76A,Hitachi HDS5C3030ALA630,3000592982016,0,,0,,,,,,,,1161,,,,,,16608,,,,,,,,,,,,,,,,,,,,,,,,,,,,,,26,,,,,,0,,,,,,,,,,,,,,,,,,,,,,,,,,,,
2013-08-20,W1F0A658,ST3000DM001,3000592982016,0,,103610568,,,,,,,,0,,,,,,11997,,,,,,,,,,,,,,,,,,,,,,,,,,,,,,20,,,,,,0,,,,,,,,,,,,,,,,,,,,,,,,,,,,
2013-08-20,Z300GPHF,ST4000DM000,4000787030016,0,,102099272,,,,,,,,0,,,,,,875,,,,,,,,,,,,,,,,,,,,,,,,,,,,,,22,,,,,,0,,,,,,,,,,,,,,,,,,,,,,,,,,,,
2013-08-20,JK11A8B9J97U5F,Hitachi HDS722020ALA330,2000398934016,0,,0,,,,,,,,0,,,,,,21783,,,,,,,,,,,,,,,,,,,,,,,,,,,,,,31,,,,,,0,,,,,,,,,,,,,,,,,,,,,,,,,,,,
2013-08-20,Z300GYSM,ST4000DM000,4000787030016,0,,191163736,,,,,,,,0,,,,,,875,,,,,,,,,,,,,,,,,,,,,,,,,,,,,,25,,,,,,0,,,,,,,,,,,,,,,,,,,,,,,,,,,,
2013-08-20,JK11A8B9J8M59F,Hitachi HDS722020ALA330,2000398934016,0,,0,,,,,,,,0,,,,,,21784,,,,,,,,,,,,,,,,,,,,,,,,,,,,,,28,,,,,,0,,,,,,,,,,,,,,,,,,,,,,,,,,,,
2013-08-20,W1F0A303,ST3000DM001,3000592982016,0,,10179864,,,,,,,,0,,,,,,11997,,,,,,,,,,,,,,,,,,,,,,,,,,,,,,23,,,,,,0,,,,,,,,,,,,,,,,,,,,,,,,,,,,
2013-08-20,W300CD1D,ST4000DM000,4000787030016,0,,160715424,,,,,,,,0,,,,,,1576,,,,,,,,,,,,,,,,,,,,,,,,,,,,,,23,,,,,,0,,,,,,,,,,,,,,,,,,,,,,,,,,,,
2013-08-20,Z1F1AGZW,ST3000DM001,3000592982016,0,,11403208,,,,,,,,320,,,,,,5315,,,,,,,,,,,,,,,,,,,,,,,,,,,,,,27,,,,,,0,,,,,,,,,,,,,,,,,,,,,,,,,,,,
2013-08-20,Z300GQ30,ST4000DM000,4000787030016,0,,200537376,,,,,,,,0,,,,,,939,,,,,,,,,,,,,,,,,,,,,,,,,,,,,,24,,,,,,0,,,,,,,,,,,,,,,,,,,,,,,,,,,,
2013-08-20,JK11A8B9J9D90F,Hitachi HDS722020ALA330,2000398934016,0,,0,,,,,,,,0,,,,,,21784,,,,,,,,,,,,,,,,,,,,,,,,,,,,,,27,,,,,,0,,,,,,,,,,,,,,,,,,,,,,,,,,,,
2013-08-20,MJ1311YNG3GGAA,Hitachi HDS5C3030ALA630,3000592982016,0,,65536,,,,,,,,0,,,,,,16608,,,,,,,,,,,,,,,,,,,,,,,,,,,,,,28,,,,,,0,,,,,,,,,,,,,,,,,,,,,,,,,,,,
2013-08-20,W1F0A57P,ST3000DM001,3000592982016,0,,225546168,,,,,,,,0,,,,,,11999,,,,,,,,,,,,,,,,,,,,,,,,,,,,,,23,,,,,,0,,,,,,,,,,,,,,,,,,,,,,,,,,,,
2013-08-20,JK11A8B9J7G5NF,Hitachi HDS722020ALA330,2000398934016,0,,0,,,,,,,,0,,,,,,21783,,,,,,,,,,,,,,,,,,,,,,,,,,,,,,31,,,,,,0,,,,,,,,,,,,,,,,,,,,,,,,,,,,
2013-08-20,W300BW9T,ST4000DM000,4000787030016,0,,199467040,,,,,,,,0,,,,,,1577,,,,,,,,,,,,,,,,,,,,,,,,,,,,,,20,,,,,,0,,,,,,,,,,,,,,,,,,,,,,,,,,,,
2013-08-20,W1F1CJ3G,ST3000DM001,3000592982016,0,,235537456,,,,,,,,0,,,,,,5315,,,,,,,,,,,,,,,,,,,,,,,,,,,,,,24,,,,,,0,,,,,,,,,,,,,,,,,,,,,,,,,,,,
2013-08-20,S1F131F6,ST3000DM001,3000592982016,0,,30297544,,,,,,,,0,,,,,,5314,,,,,,,,,,,,,,,,,,,,,,,,,,,,,,22,,,,,,0,,,,,,,,,,,,,,,,,,,,,,,,,,,,
2013-08-20,MJ1323YNG1PS1C,Hitachi HDS5C3030ALA630,3000592982016,0,,0,,,,,,,,0,,,,,,16607,,,,,,,,,,,,,,,,,,,,,,,,,,,,,,27,,,,,,0,,,,,,,,,,,,,,,,,,,,,,,,,,,,
2013-08-20,W300B72X,ST4000DM000,4000787030016,0,,52653480,,,,,,,,0,,,,,,1578,,,,,,,,,,,,,,,,,,,,,,,,,,,,,,21,,,,,,0,,,,,,,,,,,,,,,,,,,,,,,,,,,,
2013-08-20,JK11A8B9J957RF,Hitachi HDS722020ALA330,2000398934016,0,,0,,,,,,,,0,,,,,,21784,,,,,,,,,,,,,,,,,,,,,,,,,,,,,,28,,,,,,0,,,,,,,,,,,,,,,,,,,,,,,,,,,,
2013-08-20,W1F091Z5,ST3000DM001,3000592982016,0,,216886744,,,,,,,,0,,,,,,12000,,,,,,,,,,,,,,,,,,,,,,,,,,,,,,22,,,,,,0,,,,,,,,,,,,,,,,,,,,,,,,,,,,
2013-08-20,W300C8S2,ST4000DM000,4000787030016,0,,34055552,,,,,,,,0,,,,,,1578,,,,,,,,,,,,,,,,,,,,,,,,,,,,,,20,,,,,,0,,,,,,,,,,,,,,,,,,,,,,,,,,,,
2013-08-20,JK1160YAHP1WPT,Hitachi HDS722020ALA330,2000398934016,0,,0,,,,,,,,0,,,,,,21769,,,,,,,,,,,,,,,,,,,,,,,,,,,,,,31,,,,,,0,,,,,,,,,,,,,,,,,,,,,,,,,,,,
2013-08-20,MJ1311YNG00S5A,Hitachi HDS5C3030ALA630,3000592982016,0,,0,,,,,,,,0,,,,,,16607,,,,,,,,,,,,,,,,,,,,,,,,,,,,,,27,,,,,,0,,,,,,,,,,,,,,,,,,,,,,,,,,,,
2013-08-20,PL2321LAGARYHJ,Hitachi HDS5C4040ALE630,4000787030016,0,,0,,,,,,,,0,,,,,,2375,,,,,,,,,,,,,,,,,,,,,,,,,,,,,,23,,,,,,0,,,,,,,,,,,,,,,,,,,,,,,,,,,,
2013-08-20,MJ1321YNG0GVSA,Hitachi HDS5C3030ALA630,3000592982016,0,,0,,,,,,,,0,,,,,,16608,,,,,,,,,,,,,,,,,,,,,,,,,,,,,,27,,,,,,0,,,,,,,,,,,,,,,,,,,,,,,,,,,,
2013-08-20,Z1F0ANA7,ST3000DM001,3000592982016,0,,55546600,,,,,,,,0,,,,,,3492,,,,,,,,,,,,,,,,,,,,,,,,,,,,,,23,,,,,,0,,,,,,,,,,,,,,,,,,,,,,,,,,,,
2013-08-20,Z300GZ2B,ST4000DM000,4000787030016,0,,110883616,,,,,,,,0,,,,,,939,,,,,,,,,,,,,,,,,,,,,,,,,,,,,,25,,,,,,0,,,,,,,,,,,,,,,,,,,,,,,,,,,,
2013-08-20,PL1321LAGAEDXH,Hitachi HDS5C4040ALE630,4000787030016,0,,0,,,,,,,,0,,,,,,2371,,,,,,,,,,,,,,,,,,,,,,,,,,,,,,30,,,,,,0,,,,,,,,,,,,,,,,,,,,,,,,,,,,
2013-08-20,MJ1323YNG1MAJC,Hitachi HDS5C3030ALA630,3000592982016,0,,262144,,,,,,,,0,,,,,,16607,,,,,,,,,,,,,,,,,,,,,,,,,,,,,,30,,,,,,0,,,,,,,,,,,,,,,,,,,,,,,,,,,,
2013-08-20,Z1F1A0RP,ST3000DM001,3000592982016,0,,50727016,,,,,,,,0,,,,,,5313,,,,,,,,,,,,,,,,,,,,,,,,,,,,,,25,,,,,,0,,,,,,,,,,,,,,,,,,,,,,,,,,,,
2013-08-20,JK11A8B9J7G9WF,Hitachi HDS722020ALA330,2000398934016,0,,0,,,,,,,,0,,,,,,21784,,,,,,,,,,,,,,,,,,,,,,,,,,,,,,32,,,,,,0,,,,,,,,,,,,,,,,,,,,,,,,,,,,
2013-08-20,PL1331LAGA40EH,Hitachi HDS5C4040ALE630,4000787030016,0,,0,,,,,,,,0,,,,,,2375,,,,,,,,,,,,,,,,,,,,,,,,,,,,,,27,,,,,,0,,,,,,,,,,,,,,,,,,,,,,,,,,,,
2013-08-20,JK11A8B9J8H3EF,Hitachi HDS722020ALA330,2000398934016,0,,0,,,,,,,,0,,,,,,21784,,,,,,,,,,,,,,,,,,,,,,,,,,,,,,27,,,,,,0,,,,,,,,,,,,,,,,,,,,,,,,,,,,
2013-08-20,JK11A8B9J94X8F,Hitachi HDS722020ALA330,2000398934016,0,,0,,,,,,,,0,,,,,,21783,,,,,,,,,,,,,,,,,,,,,,,,,,,,,,31,,,,,,0,,,,,,,,,,,,,,,,,,,,,,,,,,,,
2013-08-20,W1F1NS0C,ST3000DM001,3000592982016,0,,75683800,,,,,,,,0,,,,,,5312,,,,,,,,,,,,,,,,,,,,,,,,,,,,,,23,,,,,,0,,,,,,,,,,,,,,,,,,,,,,,,,,,,
2013-08-20,W300BM6G,ST4000DM000,4000787030016,0,,59526840,,,,,,,,0,,,,,,1576,,,,,,,,,,,,,,,,,,,,,,,,,,,,,,17,,,,,,0,,,,,,,,,,,,,,,,,,,,,,,,,,,,
2013-08-20,PL1331LAGB4WHH,Hitachi HDS5C4040ALE630,4000787030016,0,,0,,,,,,,,0,,,,,,2375,,,,,,,,,,,,,,,,,,,,,,,,,,,,,,28,,,,,,0,,,,,,,,,,,,,,,,,,,,,,,,,,,,
2013-08-20,W300D3HY,ST4000DM000,4000787030016,0,,43889632,,,,,,,,0,,,,,,1577,,,,,,,,,,,,,,,,,,,,,,,,,,,,,,20,,,,,,0,,,,,,,,,,,,,,,,,,,,,,,,,,,,
2013-08-20,S1F12XGM,ST3000DM001,3000592982016,0,,96491744,,,,,,,,0,,,,,,5315,,,,,,,,,,,,,,,,,,,,,,,,,,,,,,21,,,,,,0,,,,,,,,,,,,,,,,,,,,,,,,,,,,
2013-08-20,MJ1323YNG1TZKC,Hitachi HDS5C3030ALA630,3000592982016,0,,0,,,,,,,,0,,,,,,16607,,,,,,,,,,,,,,,,,,,,,,,,,,,,,,26,,,,,,0,,,,,,,,,,,,,,,,,,,,,,,,,,,,
2013-08-20,S1F100R5,ST3000DM001,3000592982016,0,,139337608,,,,,,,,0,,,,,,5315,,,,,,,,,,,,,,,,,,,,,,,,,,,,,,24,,,,,,0,,,,,,,,,,,,,,,,,,,,,,,,,,,,
2013-08-20,Z300GZ0D,ST4000DM000,4000787030016,0,,236133696,,,,,,,,0,,,,,,875,,,,,,,,,,,,,,,,,,,,,,,,,,,,,,23,,,,,,0,,,,,,,,,,,,,,,,,,,,,,,,,,,,
2013-08-20,MJ1321YNG1B7VA,Hitachi HDS5C3030ALA630,3000592982016,0,,0,,,,,,,,0,,,,,,16607,,,,,,,,,,,,,,,,,,,,,,,,,,,,,,27,,,,,,0,,,,,,,,,,,,,,,,,,,,,,,,,,,,
2013-08-20,W1F096X7,ST3000DM001,3000592982016,0,,211303096,,,,,,,,0,,,,,,11998,,,,,,,,,,,,,,,,,,,,,,,,,,,,,,22,,,,,,0,,,,,,,,,,,,,,,,,,,,,,,,,,,,
2013-08-20,JK11A8B9J97Y8F,Hitachi HDS722020ALA330,2000398934016,0,,0,,,,,,,,0,,,,,,21783,,,,,,,,,,,,,,,,,,,,,,,,,,,,,,31,,,,,,0,,,,,,,,,,,,,,,,,,,,,,,,,,,,
2013-08-20,MJ1311YNG3EGLA,Hitachi HDS5C3030ALA630,3000592982016,0,,0,,,,,,,,0,,,,,,16608,,,,,,,,,,,,,,,,,,,,,,,,,,,,,,28,,,,,,0,,,,,,,,,,,,,,,,,,,,,,,,,,,,
2013-08-20,W1F09AC7,ST3000DM001,3000592982016,0,,176565448,,,,,,,,0,,,,,,11998,,,,,,,,,,,,,,,,,,,,,,,,,,,,,,19,,,,,,0,,,,,,,,,,,,,,,,,,,,,,,,,,,,
2013-08-20,Z300GYPF,ST4000DM000,4000787030016,0,,49380056,,,,,,,,0,,,,,,875,,,,,,,,,,,,,,,,,,,,,,,,,,,,,,26,,,,,,0,,,,,,,,,,,,,,,,,,,,,,,,,,,,
2013-08-20,JK11A8B9J7G1EF,Hitachi HDS722020ALA330,2000398934016,0,,2,,,,,,,,0,,,,,,21784,,,,,,,,,,,,,,,,,,,,,,,,,,,,,,28,,,,,,0,,,,,,,,,,,,,,,,,,,,,,,,,,,,
2013-08-20,Z1F1A1HH,ST3000DM001,3000592982016,0,,198698352,,,,,,,,0,,,,,,5315,,,,,,,,,,,,,,,,,,,,,,,,,,,,,,23,,,,,,0,,,,,,,,,,,,,,,,,,,,,,,,,,,,
2013-08-20,PL1321LAGAYGMH,Hitachi HDS5C4040ALE630,4000787030016,0,,0,,,,,,,,0,,,,,,2371,,,,,,,,,,,,,,,,,,,,,,,,,,,,,,29,,,,,,0,,,,,,,,,,,,,,,,,,,,,,,,,,,,
2013-08-20,Z1F11SL0,ST3000DM001,3000592982016,0,,160887632,,,,,,,,0,,,,,,5314,,,,,,,,,,,,,,,,,,,,,,,,,,,,,,25,,,,,,0,,,,,,,,,,,,,,,,,,,,,,,,,,,,
2013-08-20,W300E19W,ST4000DM000,4000787030016,0,,116095416,,,,,,,,0,,,,,,1577,,,,,,,,,,,,,,,,,,,,,,,,,,,,,,20,,,,,,0,,,,,,,,,,,,,,,,,,,,,,,,,,,,
2013-08-20,PL1321LAGAR6JH,Hitachi HDS5C4040ALE630,4000787030016,0,,0,,,,,,,,0,,,,,,2375,,,,,,,,,,,,,,,,,,,,,,,,,,,,,,26,,,,,,0,,,,,,,,,,,,,,,,,,,,,,,,,,,,
2013-08-20,PL1321LAGATXMH,Hitachi HDS5C4040ALE630,4000787030016,0,,0,,,,,,,,0,,,,,,2371,,,,,,,,,,,,,,,,,,,,,,,,,,,,,,28,,,,,,0,,,,,,,,,,,,,,,,,,,,,,,,,,,,
2013-08-20,Z300GZEA,ST4000DM000,4000787030016,0,,123192352,,,,,,,,0,,,,,,939,,,,,,,,,,,,,,,,,,,,,,,,,,,,,,24,,,,,,0,,,,,,,,,,,,,,,,,,,,,,,,,,,,
2013-08-20,Z1F1AD2M,ST3000DM001,3000592982016,0,,72939568,,,,,,,,0,,,,,,4614,,,,,,,,,,,,,,,,,,,,,,,,,,,,,,22,,,,,,0,,,,,,,,,,,,,,,,,,,,,,,,,,,,
2013-08-20,Z300GQ77,ST4000DM000,4000787030016,0,,140334408,,,,,,,,0,,,,,,939,,,,,,,,,,,,,,,,,,,,,,,,,,,,,,26,,,,,,0,,,,,,,,,,,,,,,,,,,,,,,,,,,,
2013-08-20,W300D3M6,ST4000DM000,4000787030016,0,,232516440,,,,,,,,0,,,,,,1576,,,,,,,,,,,,,,,,,,,,,,,,,,,,,,23,,,,,,0,,,,,,,,,,,,,,,,,,,,,,,,,,,,
2013-08-20,W3008L6X,ST4000DM000,4000787030016,0,,1235544,,,,,,,,0,,,,,,1577,,,,,,,,,,,,,,,,,,,,,,,,,,,,,,20,,,,,,0,,,,,,,,,,,,,,,,,,,,,,,,,,,,
2013-08-20,PL2321LAGASXAJ,Hitachi HDS5C4040ALE630,4000787030016,0,,0,,,,,,,,0,,,,,,2371,,,,,,,,,,,,,,,,,,,,,,,,,,,,,,29,,,,,,0,,,,,,,,,,,,,,,,,,,,,,,,,,,,
2013-08-20,PL1321LAGAXHXH,Hitachi HDS5C4040ALE630,4000787030016,0,,0,,,,,,,,0,,,,,,2375,,,,,,,,,,,,,,,,,,,,,,,,,,,,,,24,,,,,,0,,,,,,,,,,,,,,,,,,,,,,,,,,,,
2013-08-20,JK11A8B9J8EJGF,Hitachi HDS722020ALA330,2000398934016,0,,0,,,,,,,,0,,,,,,21783,,,,,,,,,,,,,,,,,,,,,,,,,,,,,,31,,,,,,0,,,,,,,,,,,,,,,,,,,,,,,,,,,,
2013-08-20,W1F0A532,ST3000DM001,3000592982016,0,,24239304,,,,,,,,0,,,,,,11997,,,,,,,,,,,,,,,,,,,,,,,,,,,,,,24,,,,,,0,,,,,,,,,,,,,,,,,,,,,,,,,,,,
2013-08-20,W1F19J5Q,ST3000DM001,3000592982016,0,,63050368,,,,,,,,0,,,,,,5317,,,,,,,,,,,,,,,,,,,,,,,,,,,,,,24,,,,,,0,,,,,,,,,,,,,,,,,,,,,,,,,,,,
2013-08-20,Z300GYXT,ST4000DM000,4000787030016,0,,87878480,,,,,,,,0,,,,,,875,,,,,,,,,,,,,,,,,,,,,,,,,,,,,,23,,,,,,0,,,,,,,,,,,,,,,,,,,,,,,,,,,,
2013-08-20,MJ1323YNG1T2SC,Hitachi HDS5C3030ALA630,3000592982016,0,,0,,,,,,,,0,,,,,,16607,,,,,,,,,,,,,,,,,,,,,,,,,,,,,,27,,,,,,0,,,,,,,,,,,,,,,,,,,,,,,,,,,,
2013-08-20,PL1331LAGBG8GH,Hitachi HDS5C4040ALE630,4000787030016,0,,0,,,,,,,,0,,,,,,2371,,,,,,,,,,,,,,,,,,,,,,,,,,,,,,31,,,,,,0,,,,,,,,,,,,,,,,,,,,,,,,,,,,
2013-08-20,JK1101B9H5HSHF,Hitachi HDS722020ALA330,2000398934016,0,,0,,,,,,,,0,,,,,,9058,,,,,,,,,,,,,,,,,,,,,,,,,,,,,,32,,,,,,0,,,,,,,,,,,,,,,,,,,,,,,,,,,,
2013-08-20,MJ1311YNG3EG3A,Hitachi HDS5C3030ALA630,3000592982016,0,,0,,,,,,,,0,,,,,,16607,,,,,,,,,,,,,,,,,,,,,,,,,,,,,,25,,,,,,0,,,,,,,,,,,,,,,,,,,,,,,,,,,,
2013-08-20,MJ1321YNG179SA,Hitachi HDS5C3030ALA630,3000592982016,0,,0,,,,,,,,0,,,,,,16608,,,,,,,,,,,,,,,,,,,,,,,,,,,,,,25,,,,,,0,,,,,,,,,,,,,,,,,,,,,,,,,,,,
2013-08-20,JK1130YAHAUVXT,Hitachi HDS722020ALA330,2000398934016,0,,0,,,,,,,,22,,,,,,17264,,,,,,,,,,,,,,,,,,,,,,,,,,,,,,28,,,,,,1,,,,,,,,,,,,,,,,,,,,,,,,,,,,
2013-08-20,W1F09BH2,ST3000DM001,3000592982016,0,,181559936,,,,,,,,0,,,,,,12001,,,,,,,,,,,,,,,,,,,,,,,,,,,,,,19,,,,,,0,,,,,,,,,,,,,,,,,,,,,,,,,,,,
2013-08-20,MJ1311YNG3EH1A,Hitachi HDS5C3030ALA630,3000592982016,0,,0,,,,,,,,0,,,,,,16607,,,,,,,,,,,,,,,,,,,,,,,,,,,,,,28,,,,,,0,,,,,,,,,,,,,,,,,,,,,,,,,,,,
2013-08-20,MJ1311YNG6H7JA,Hitachi HDS5C3030ALA630,3000592982016,0,,0,,,,,,,,0,,,,,,16087,,,,,,,,,,,,,,,,,,,,,,,,,,,,,,25,,,,,,0,,,,,,,,,,,,,,,,,,,,,,,,,,,,
2013-08-20,Z1F14BGY,ST3000DM001,3000592982016,0,,65039816,,,,,,,,0,,,,,,5315,,,,,,,,,,,,,,,,,,,,,,,,,,,,,,25,,,,,,0,,,,,,,,,,,,,,,,,,,,,,,,,,,,
2013-08-20,Z300GQ2Z,ST4000DM000,4000787030016,0,,49849112,,,,,,,,0,,,,,,875,,,,,,,,,,,,,,,,,,,,,,,,,,,,,,24,,,,,,0,,,,,,,,,,,,,,,,,,,,,,,,,,,,
2013-08-20,W1F0A4SV,ST3000DM001,3000592982016,0,,221540616,,,,,,,,0,,,,,,11999,,,,,,,,,,,,,,,,,,,,,,,,,,,,,,20,,,,,,0,,,,,,,,,,,,,,,,,,,,,,,,,,,,
2013-08-20,MJ1323YNG1TL1C,Hitachi HDS5C3030ALA630,3000592982016,0,,0,,,,,,,,0,,,,,,16607,,,,,,,,,,,,,,,,,,,,,,,,,,,,,,29,,,,,,0,,,,,,,,,,,,,,,,,,,,,,,,,,,,
2013-08-20,S1F1162D,ST3000DM001,3000592982016,0,,170242976,,,,,,,,0,,,,,,5314,,,,,,,,,,,,,,,,,,,,,,,,,,,,,,21,,,,,,0,,,,,,,,,,,,,,,,,,,,,,,,,,,,
2013-08-20,Z300GPJS,ST4000DM000,4000787030016,0,,57498296,,,,,,,,0,,,,,,875,,,,,,,,,,,,,,,,,,,,,,,,,,,,,,26,,,,,,0,,,,,,,,,,,,,,,,,,,,,,,,,,,,
2013-08-20,MJ1323YNG1TUGC,Hitachi HDS5C3030ALA630,3000592982016,0,,0,,,,,,,,0,,,,,,16608,,,,,,,,,,,,,,,,,,,,,,,,,,,,,,27,,,,,,0,,,,,,,,,,,,,,,,,,,,,,,,,,,,
2013-08-20,Z300GQ2A,ST4000DM000,4000787030016,0,,107888264,,,,,,,,0,,,,,,939,,,,,,,,,,,,,,,,,,,,,,,,,,,,,,26,,,,,,0,,,,,,,,,,,,,,,,,,,,,,,,,,,,
2013-08-20,Z300GPXH,ST4000DM000,4000787030016,0,,158681864,,,,,,,,0,,,,,,875,,,,,,,,,,,,,,,,,,,,,,,,,,,,,,23,,,,,,0,,,,,,,,,,,,,,,,,,,,,,,,,,,,
2013-08-20,MJ1311YNG3E1YA,Hitachi HDS5C3030ALA630,3000592982016,0,,0,,,,,,,,0,,,,,,16607,,,,,,,,,,,,,,,,,,,,,,,,,,,,,,27,,,,,,0,,,,,,,,,,,,,,,,,,,,,,,,,,,,
2013-08-20,W300D95M,ST4000DM000,4000787030016,0,,39260072,,,,,,,,0,,,,,,1577,,,,,,,,,,,,,,,,,,,,,,,,,,,,,,21,,,,,,0,,,,,,,,,,,,,,,,,,,,,,,,,,,,
2013-08-20,Z300GQ7B,ST4000DM000,4000787030016,0,,140341536,,,,,,,,0,,,,,,875,,,,,,,,,,,,,,,,,,,,,,,,,,,,,,22,,,,,,0,,,,,,,,,,,,,,,,,,,,,,,,,,,,
2013-08-20,PL2321LAGASGWJ,Hitachi HDS5C4040ALE630,4000787030016,0,,0,,,,,,,,0,,,,,,2375,,,,,,,,,,,,,,,,,,,,,,,,,,,,,,28,,,,,,0,,,,,,,,,,,,,,,,,,,,,,,,,,,,
2013-08-20,W30091HZ,ST4000DM000,4000787030016,0,,224013568,,,,,,,,0,,,,,,1577,,,,,,,,,,,,,,,,,,,,,,,,,,,,,,21,,,,,,0,,,,,,,,,,,,,,,,,,,,,,,,,,,,
2013-08-20,JK11A8B9J9KVHF,Hitachi HDS722020ALA330,2000398934016,0,,0,,,,,,,,0,,,,,,21784,,,,,,,,,,,,,,,,,,,,,,,,,,,,,,28,,,,,,0,,,,,,,,,,,,,,,,,,,,,,,,,,,,
2013-08-20,W1F0A3K3,ST3000DM001,3000592982016,0,,121255760,,,,,,,,0,,,,,,11995,,,,,,,,,,,,,,,,,,,,,,,,,,,,,,24,,,,,,0,,,,,,,,,,,,,,,,,,,,,,,,,,,,
2013-08-20,MJ1321YNG0G1EA,Hitachi HDS5C3030ALA630,3000592982016,0,,0,,,,,,,,0,,,,,,16607,,,,,,,,,,,,,,,,,,,,,,,,,,,,,,28,,,,,,0,,,,,,,,,,,,,,,,,,,,,,,,,,,,
2013-08-20,PL2321LAGASNPJ,Hitachi HDS5C4040ALE630,4000787030016,0,,0,,,,,,,,0,,,,,,2371,,,,,,,,,,,,,,,,,,,,,,,,,,,,,,30,,,,,,0,,,,,,,,,,,,,,,,,,,,,,,,,,,,
2013-08-20,Z300GYYD,ST4000DM000,4000787030016,0,,186445928,,,,,,,,0,,,,,,939,,,,,,,,,,,,,,,,,,,,,,,,,,,,,,25,,,,,,0,,,,,,,,,,,,,,,,,,,,,,,,,,,,
2013-08-20,PL1331LAGB647H,Hitachi HDS5C4040ALE630,4000787030016,0,,0,,,,,,,,0,,,,,,2375,,,,,,,,,,,,,,,,,,,,,,,,,,,,,,24,,,,,,0,,,,,,,,,,,,,,,,,,,,,,,,,,,,
2013-08-20,MJ1323YNG1MB4C,Hitachi HDS5C3030ALA630,3000592982016,0,,0,,,,,,,,0,,,,,,16607,,,,,,,,,,,,,,,,,,,,,,,,,,,,,,29,,,,,,0,,,,,,,,,,,,,,,,,,,,,,,,,,,,
2013-08-20,W1F09XG2,ST3000DM001,3000592982016,0,,107639272,,,,,,,,0,,,,,,11997,,,,,,,,,,,,,,,,,,,,,,,,,,,,,,24,,,,,,0,,,,,,,,,,,,,,,,,,,,,,,,,,,,
2013-08-20,Z300GZDF,ST4000DM000,4000787030016,0,,84193776,,,,,,,,0,,,,,,875,,,,,,,,,,,,,,,,,,,,,,,,,,,,,,23,,,,,,0,,,,,,,,,,,,,,,,,,,,,,,,,,,,
2013-08-20,W1F0A2J2,ST3000DM001,3000592982016,0,,136893208,,,,,,,,0,,,,,,11995,,,,,,,,,,,,,,,,,,,,,,,,,,,,,,22,,,,,,0,,,,,,,,,,,,,,,,,,,,,,,,,,,,
2013-08-20,W1F0XKWR,ST3000DM001,3000592982016,0,,111965056,,,,,,,,0,,,,,,5338,,,,,,,,,,,,,,,,,,,,,,,,,,,,,,23,,,,,,0,,,,,,,,,,,,,,,,,,,,,,,,,,,,
2013-08-20,JK11A8B9J90WXF,Hitachi HDS722020ALA330,2000398934016,0,,0,,,,,,,,0,,,,,,21783,,,,,,,,,,,,,,,,,,,,,,,,,,,,,,32,,,,,,0,,,,,,,,,,,,,,,,,,,,,,,,,,,,
2013-08-20,W3008PM0,ST4000DM000,4000787030016,0,,139119200,,,,,,,,0,,,,,,1576,,,,,,,,,,,,,,,,,,,,,,,,,,,,,,19,,,,,,0,,,,,,,,,,,,,,,,,,,,,,,,,,,,
2013-08-20,PL1321LAGB3BPH,Hitachi HDS5C4040ALE630,4000787030016,0,,0,,,,,,,,0,,,,,,2376,,,,,,,,,,,,,,,,,,,,,,,,,,,,,,26,,,,,,0,,,,,,,,,,,,,,,,,,,,,,,,,,,,
2013-08-20,Z300GZAV,ST4000DM000,4000787030016,0,,94306536,,,,,,,,0,,,,,,939,,,,,,,,,,,,,,,,,,,,,,,,,,,,,,25,,,,,,0,,,,,,,,,,,,,,,,,,,,,,,,,,,,
2013-08-20,Z300GPA0,ST4000DM000,4000787030016,0,,77043960,,,,,,,,0,,,,,,875,,,,,,,,,,,,,,,,,,,,,,,,,,,,,,22,,,,,,0,,,,,,,,,,,,,,,,,,,,,,,,,,,,
2013-08-20,W1F13SRV,ST3000DM001,3000592982016,0,,115986176,,,,,,,,0,,,,,,5337,,,,,,,,,,,,,,,,,,,,,,,,,,,,,,24,,,,,,0,,,,,,,,,,,,,,,,,,,,,,,,,,,,
2013-08-20,W1F1CLJG,ST3000DM001,3000592982016,0,,210694840,,,,,,,,0,,,,,,5315,,,,,,,,,,,,,,,,,,,,,,,,,,,,,,19,,,,,,0,,,,,,,,,,,,,,,,,,,,,,,,,,,,
2013-08-20,Z1F1A0LM,ST3000DM001,3000592982016,0,,54518760,,,,,,,,0,,,,,,5316,,,,,,,,,,,,,,,,,,,,,,,,,,,,,,23,,,,,,0,,,,,,,,,,,,,,,,,,,,,,,,,,,,
2013-08-20,JK11A8B9J4UM4F,Hitachi HDS722020ALA330,2000398934016,0,,0,,,,,,,,0,,,,,,21783,,,,,,,,,,,,,,,,,,,,,,,,,,,,,,32,,,,,,0,,,,,,,,,,,,,,,,,,,,,,,,,,,,
2013-08-20,Z300GPZD,ST4000DM000,4000787030016,0,,13349528,,,,,,,,0,,,,,,939,,,,,,,,,,,,,,,,,,,,,,,,,,,,,,25,,,,,,0,,,,,,,,,,,,,,,,,,,,,,,,,,,,
2013-08-20,PL1331LAGB2H3H,Hitachi HDS5C4040ALE630,4000787030016,0,,0,,,,,,,,0,,,,,,2371,,,,,,,,,,,,,,,,,,,,,,,,,,,,,,31,,,,,,0,,,,,,,,,,,,,,,,,,,,,,,,,,,,
2013-08-20,MJ1323YNG1U0DC,Hitachi HDS5C3030ALA630,3000592982016,0,,0,,,,,,,,0,,,,,,16608,,,,,,,,,,,,,,,,,,,,,,,,,,,,,,28,,,,,,0,,,,,,,,,,,,,,,,,,,,,,,,,,,,
2013-08-20,Z300GYNH,ST4000DM000,4000787030016,0,,41457488,,,,,,,,0,,,,,,875,,,,,,,,,,,,,,,,,,,,,,,,,,,,,,22,,,,,,0,,,,,,,,,,,,,,,,,,,,,,,,,,,,
2013-08-20,W1F08FHX,ST3000DM001,3000592982016,0,,169938832,,,,,,,,0,,,,,,12000,,,,,,,,,,,,,,,,,,,,,,,,,,,,,,22,,,,,,0,,,,,,,,,,,,,,,,,,,,,,,,,,,,
2013-08-20,PL1321LAGAYRVH,Hitachi HDS5C4040ALE630,4000787030016,0,,0,,,,,,,,0,,,,,,2371,,,,,,,,,,,,,,,,,,,,,,,,,,,,,,29,,,,,,0,,,,,,,,,,,,,,,,,,,,,,,,,,,,
2013-08-20,PL1321LAGAVXEH,Hitachi HDS5C4040ALE630,4000787030016,0,,0,,,,,,,,0,,,,,,2375,,,,,,,,,,,,,,,,,,,,,,,,,,,,,,25,,,,,,0,,,,,,,,,,,,,,,,,,,,,,,,,,,,
2013-08-20,MJ1323YNG1PNKC,Hitachi HDS5C3030ALA630,3000592982016,0,,65536,,,,,,,,32,,,,,,16608,,,,,,,,,,,,,,,,,,,,,,,,,,,,,,29,,,,,,1,,,,,,,,,,,,,,,,,,,,,,,,,,,,
2013-08-20,MJ1323YNG1M6YC,Hitachi HDS5C3030ALA630,3000592982016,0,,0,,,,,,,,0,,,,,,16607,,,,,,,,,,,,,,,,,,,,,,,,,,,,,,27,,,,,,0,,,,,,,,,,,,,,,,,,,,,,,,,,,,
2013-08-20,S1F10FF0,ST3000DM001,3000592982016,0,,126229800,,,,,,,,0,,,,,,5315,,,,,,,,,,,,,,,,,,,,,,,,,,,,,,22,,,,,,0,,,,,,,,,,,,,,,,,,,,,,,,,,,,
2013-08-20,Z300GPJJ,ST4000DM000,4000787030016,0,,4715112,,,,,,,,0,,,,,,875,,,,,,,,,,,,,,,,,,,,,,,,,,,,,,22,,,,,,0,,,,,,,,,,,,,,,,,,,,,,,,,,,,
2013-08-20,Z300GPZ8,ST4000DM000,4000787030016,0,,113371552,,,,,,,,0,,,,,,939,,,,,,,,,,,,,,,,,,,,,,,,,,,,,,25,,,,,,0,,,,,,,,,,,,,,,,,,,,,,,,,,,,
2013-08-20,Z300GZB3,ST4000DM000,4000787030016,0,,165927856,,,,,,,,0,,,,,,939,,,,,,,,,,,,,,,,,,,,,,,,,,,,,,26,,,,,,0,,,,,,,,,,,,,,,,,,,,,,,,,,,,
2013-08-20,W300CKQ9,ST4000DM000,4000787030016,0,,72356088,,,,,,,,0,,,,,,1577,,,,,,,,,,,,,,,,,,,,,,,,,,,,,,22,,,,,,0,,,,,,,,,,,,,,,,,,,,,,,,,,,,
2013-08-20,JK11A8B9J8DDNF,Hitachi HDS722020ALA330,2000398934016,0,,0,,,,,,,,0,,,,,,21784,,,,,,,,,,,,,,,,,,,,,,,,,,,,,,31,,,,,,1,,,,,,,,,,,,,,,,,,,,,,,,,,,,
2013-08-20,W300BDP6,ST4000DM000,4000787030016,0,,123079456,,,,,,,,0,,,,,,1578,,,,,,,,,,,,,,,,,,,,,,,,,,,,,,20,,,,,,0,,,,,,,,,,,,,,,,,,,,,,,,,,,,
2013-08-20,Z1F0VNSW,ST3000DM001,3000592982016,0,,133649056,,,,,,,,0,,,,,,5315,,,,,,,,,,,,,,,,,,,,,,,,,,,,,,24,,,,,,0,,,,,,,,,,,,,,,,,,,,,,,,,,,,
2013-08-20,JK11A1YAK8B43V,Hitachi HDS722020ALA330,2000398934016,0,,0,,,,,,,,0,,,,,,944,,,,,,,,,,,,,,,,,,,,,,,,,,,,,,32,,,,,,0,,,,,,,,,,,,,,,,,,,,,,,,,,,,
2013-08-20,MJ1323YNG1TPBC,Hitachi HDS5C3030ALA630,3000592982016,0,,0,,,,,,,,0,,,,,,16607,,,,,,,,,,,,,,,,,,,,,,,,,,,,,,28,,,,,,0,,,,,,,,,,,,,,,,,,,,,,,,,,,,
2013-08-20,PL2321LAGARUMJ,Hitachi HDS5C4040ALE630,4000787030016,0,,0,,,,,,,,0,,,,,,2371,,,,,,,,,,,,,,,,,,,,,,,,,,,,,,29,,,,,,0,,,,,,,,,,,,,,,,,,,,,,,,,,,,
2013-08-20,MJ1311YNG3487A,Hitachi HDS5C3030ALA630,3000592982016,0,,0,,,,,,,,0,,,,,,16608,,,,,,,,,,,,,,,,,,,,,,,,,,,,,,24,,,,,,0,,,,,,,,,,,,,,,,,,,,,,,,,,,,
2013-08-20,PL1321LAGAB8XH,Hitachi HDS5C4040ALE630,4000787030016,0,,0,,,,,,,,0,,,,,,2375,,,,,,,,,,,,,,,,,,,,,,,,,,,,,,27,,,,,,0,,,,,,,,,,,,,,,,,,,,,,,,,,,,
2013-08-20,S1F0MHNX,ST3000DM001,3000592982016,0,,104643312,,,,,,,,0,,,,,,5139,,,,,,,,,,,,,,,,,,,,,,,,,,,,,,22,,,,,,0,,,,,,,,,,,,,,,,,,,,,,,,,,,,
2013-08-20,W300BLPN,ST4000DM000,4000787030016,0,,42631760,,,,,,,,0,,,,,,1577,,,,,,,,,,,,,,,,,,,,,,,,,,,,,,22,,,,,,0,,,,,,,,,,,,,,,,,,,,,,,,,,,,
2013-08-20,W1F09DBJ,ST3000DM001,3000592982016,0,,173717616,,,,,,,,0,,,,,,11999,,,,,,,,,,,,,,,,,,,,,,,,,,,,,,22,,,,,,0,,,,,,,,,,,,,,,,,,,,,,,,,,,,
2013-08-20,PL1331LAGB741H,Hitachi HDS5C4040ALE630,4000787030016,0,,0,,,,,,,,0,,,,,,2375,,,,,,,,,,,,,,,,,,,,,,,,,,,,,,25,,,,,,0,,,,,,,,,,,,,,,,,,,,,,,,,,,,
2013-08-20,W300D6SJ,ST4000DM000,4000787030016,0,,166963320,,,,,,,,0,,,,,,1578,,,,,,,,,,,,,,,,,,,,,,,,,,,,,,21,,,,,,0,,,,,,,,,,,,,,,,,,,,,,,,,,,,
2013-08-20,W300DSSS,ST4000DM000,4000787030016,0,,199557288,,,,,,,,0,,,,,,1576,,,,,,,,,,,,,,,,,,,,,,,,,,,,,,20,,,,,,0,,,,,,,,,,,,,,,,,,,,,,,,,,,,
2013-08-20,JK11A8B9J79YGF,Hitachi HDS722020ALA330,2000398934016,0,,0,,,,,,,,0,,,,,,21783,,,,,,,,,,,,,,,,,,,,,,,,,,,,,,31,,,,,,0,,,,,,,,,,,,,,,,,,,,,,,,,,,,
2013-08-20,Z1F1653X,ST3000DM001,3000592982016,0,,191385728,,,,,,,,0,,,,,,5314,,,,,,,,,,,,,,,,,,,,,,,,,,,,,,26,,,,,,0,,,,,,,,,,,,,,,,,,,,,,,,,,,,
2013-08-20,S1F13MAM,ST3000DM001,3000592982016,0,,160981808,,,,,,,,0,,,,,,5317,,,,,,,,,,,,,,,,,,,,,,,,,,,,,,24,,,,,,0,,,,,,,,,,,,,,,,,,,,,,,,,,,,
2013-08-20,Z300GQ7Z,ST4000DM000,4000787030016,0,,136448208,,,,,,,,0,,,,,,939,,,,,,,,,,,,,,,,,,,,,,,,,,,,,,25,,,,,,0,,,,,,,,,,,,,,,,,,,,,,,,,,,,
2013-08-20,MJ1311YNG218PA,Hitachi HDS5C3030ALA630,3000592982016,0,,0,,,,,,,,0,,,,,,16607,,,,,,,,,,,,,,,,,,,,,,,,,,,,,,24,,,,,,0,,,,,,,,,,,,,,,,,,,,,,,,,,,,
2013-08-20,Z1F1901P,ST3000DM001,3000592982016,0,,32722000,,,,,,,,0,,,,,,5315,,,,,,,,,,,,,,,,,,,,,,,,,,,,,,26,,,,,,0,,,,,,,,,,,,,,,,,,,,,,,,,,,,
2013-08-20,JK11A8B9J97ZEF,Hitachi HDS722020ALA330,2000398934016,0,,0,,,,,,,,0,,,,,,21783,,,,,,,,,,,,,,,,,,,,,,,,,,,,,,31,,,,,,0,,,,,,,,,,,,,,,,,,,,,,,,,,,,
2013-08-20,W1F09VVR,ST3000DM001,3000592982016,0,,101172200,,,,,,,,0,,,,,,11996,,,,,,,,,,,,,,,,,,,,,,,,,,,,,,23,,,,,,16,,,,,,,,,,,,,,,,,,,,,,,,,,,,
2013-08-20,Z300GZ7G,ST4000DM000,4000787030016,0,,206655472,,,,,,,,0,,,,,,875,,,,,,,,,,,,,,,,,,,,,,,,,,,,,,23,,,,,,0,,,,,,,,,,,,,,,,,,,,,,,,,,,,
2013-08-20,Z300GYX3,ST4000DM000,4000787030016,0,,136436992,,,,,,,,0,,,,,,875,,,,,,,,,,,,,,,,,,,,,,,,,,,,,,23,,,,,,0,,,,,,,,,,,,,,,,,,,,,,,,,,,,
2013-08-20,W1F0A4Y4,ST3000DM001,3000592982016,0,,32357440,,,,,,,,0,,,,,,11978,,,,,,,,,,,,,,,,,,,,,,,,,,,,,,24,,,,,,0,,,,,,,,,,,,,,,,,,,,,,,,,,,,
2013-08-20,JK11A8B9J96WUF,Hitachi HDS722020ALA330,2000398934016,0,,0,,,,,,,,0,,,,,,21783,,,,,,,,,,,,,,,,,,,,,,,,,,,,,,31,,,,,,0,,,,,,,,,,,,,,,,,,,,,,,,,,,,
2013-08-20,MJ1323YNG1UDXC,Hitachi HDS5C3030ALA630,3000592982016,0,,0,,,,,,,,0,,,,,,16607,,,,,,,,,,,,,,,,,,,,,,,,,,,,,,28,,,,,,0,,,,,,,,,,,,,,,,,,,,,,,,,,,,
2013-08-20,PL1331LAGAGHNH,Hitachi HDS5C4040ALE630,4000787030016,0,,0,,,,,,,,42,,,,,,2371,,,,,,,,,,,,,,,,,,,,,,,,,,,,,,30,,,,,,0,,,,,,,,,,,,,,,,,,,,,,,,,,,,
2013-08-20,S1F13432,ST3000DM001,3000592982016,0,,239085952,,,,,,,,0,,,,,,5313,,,,,,,,,,,,,,,,,,,,,,,,,,,,,,20,,,,,,0,,,,,,,,,,,,,,,,,,,,,,,,,,,,
2013-08-20,W1F1C9HM,ST3000DM001,3000592982016,0,,106797992,,,,,,,,0,,,,,,5336,,,,,,,,,,,,,,,,,,,,,,,,,,,,,,22,,,,,,0,,,,,,,,,,,,,,,,,,,,,,,,,,,,
2013-08-20,MJ1323YNG1T9HC,Hitachi HDS5C3030ALA630,3000592982016,0,,0,,,,,,,,0,,,,,,16607,,,,,,,,,,,,,,,,,,,,,,,,,,,,,,27,,,,,,0,,,,,,,,,,,,,,,,,,,,,,,,,,,,
2013-08-20,Z1F18YB3,ST3000DM001,3000592982016,0,,148496080,,,,,,,,0,,,,,,5317,,,,,,,,,,,,,,,,,,,,,,,,,,,,,,24,,,,,,0,,,,,,,,,,,,,,,,,,,,,,,,,,,,
2013-08-20,S1F10QDG,ST3000DM001,3000592982016,0,,183992416,,,,,,,,0,,,,,,5316,,,,,,,,,,,,,,,,,,,,,,,,,,,,,,24,,,,,,0,,,,,,,,,,,,,,,,,,,,,,,,,,,,
2013-08-20,PL1331LAGB9LDH,Hitachi HDS5C4040ALE630,4000787030016,0,,0,,,,,,,,0,,,,,,2371,,,,,,,,,,,,,,,,,,,,,,,,,,,,,,30,,,,,,0,,,,,,,,,,,,,,,,,,,,,,,,,,,,
2013-08-20,Z300GQ8L,ST4000DM000,4000787030016,0,,103880376,,,,,,,,0,,,,,,875,,,,,,,,,,,,,,,,,,,,,,,,,,,,,,26,,,,,,0,,,,,,,,,,,,,,,,,,,,,,,,,,,,
2013-08-20,W300D2RA,ST4000DM000,4000787030016,0,,90014608,,,,,,,,0,,,,,,1576,,,,,,,,,,,,,,,,,,,,,,,,,,,,,,18,,,,,,0,,,,,,,,,,,,,,,,,,,,,,,,,,,,
2013-08-20,MJ1313YNG0ZL2C,Hitachi HDS5C3030ALA630,3000592982016,0,,0,,,,,,,,75,,,,,,16608,,,,,,,,,,,,,,,,,,,,,,,,,,,,,,27,,,,,,0,,,,,,,,,,,,,,,,,,,,,,,,,,,,
2013-08-20,PL1331LAGB5D6H,Hitachi HDS5C4040ALE630,4000787030016,0,,0,,,,,,,,0,,,,,,2375,,,,,,,,,,,,,,,,,,,,,,,,,,,,,,26,,,,,,0,,,,,,,,,,,,,,,,,,,,,,,,,,,,
2013-08-20,MJ1311YNG0DL6A,Hitachi HDS5C3030ALA630,3000592982016,0,,0,,,,,,,,0,,,,,,16607,,,,,,,,,,,,,,,,,,,,,,,,,,,,,,28,,,,,,0,,,,,,,,,,,,,,,,,,,,,,,,,,,,
2013-08-20,JK11A8B9J5UL8F,Hitachi HDS722020ALA330,2000398934016,0,,0,,,,,,,,0,,,,,,21784,,,,,,,,,,,,,,,,,,,,,,,,,,,,,,28,,,,,,0,,,,,,,,,,,,,,,,,,,,,,,,,,,,
2013-08-20,W1F0A467,ST3000DM001,3000592982016,0,,38071032,,,,,,,,0,,,,,,11998,,,,,,,,,,,,,,,,,,,,,,,,,,,,,,22,,,,,,0,,,,,,,,,,,,,,,,,,,,,,,,,,,,
2013-08-20,W1F03VRB,ST3000DM001,3000592982016,0,,133903688,,,,,,,,0,,,,,,2333,,,,,,,,,,,,,,,,,,,,,,,,,,,,,,19,,,,,,0,,,,,,,,,,,,,,,,,,,,,,,,,,,,
2013-08-20,W1F0A4QD,ST3000DM001,3000592982016,0,,18904456,,,,,,,,0,,,,,,11997,,,,,,,,,,,,,,,,,,,,,,,,,,,,,,24,,,,,,0,,,,,,,,,,,,,,,,,,,,,,,,,,,,
2013-08-20,PL1331LAGBAY3H,Hitachi HDS5C4040ALE630,4000787030016,0,,0,,,,,,,,0,,,,,,2375,,,,,,,,,,,,,,,,,,,,,,,,,,,,,,24,,,,,,0,,,,,,,,,,,,,,,,,,,,,,,,,,,,
2013-08-20,MJ1323YNG1U95C,Hitachi HDS5C3030ALA630,3000592982016,0,,65537,,,,,,,,0,,,,,,16607,,,,,,,,,,,,,,,,,,,,,,,,,,,,,,26,,,,,,0,,,,,,,,,,,,,,,,,,,,,,,,,,,,
2013-08-20,JK11A8B9J97XMF,Hitachi HDS722020ALA330,2000398934016,0,,0,,,,,,,,0,,,,,,21783,,,,,,,,,,,,,,,,,,,,,,,,,,,,,,32,,,,,,0,,,,,,,,,,,,,,,,,,,,,,,,,,,,
2013-08-20,Z1F147WQ,ST3000DM001,3000592982016,0,,154505800,,,,,,,,0,,,,,,5314,,,,,,,,,,,,,,,,,,,,,,,,,,,,,,25,,,,,,0,,,,,,,,,,,,,,,,,,,,,,,,,,,,
2013-08-20,Z1F18YST,ST3000DM001,3000592982016,0,,240758208,,,,,,,,0,,,,,,5316,,,,,,,,,,,,,,,,,,,,,,,,,,,,,,23,,,,,,0,,,,,,,,,,,,,,,,,,,,,,,,,,,,
2013-08-20,PL1331LAGABE9H,Hitachi HDS5C4040ALE630,4000787030016,0,,0,,,,,,,,0,,,,,,2372,,,,,,,,,,,,,,,,,,,,,,,,,,,,,,30,,,,,,0,,,,,,,,,,,,,,,,,,,,,,,,,,,,
2013-08-20,W1F08HAV,ST3000DM001,3000592982016,0,,137407288,,,,,,,,0,,,,,,11995,,,,,,,,,,,,,,,,,,,,,,,,,,,,,,23,,,,,,0,,,,,,,,,,,,,,,,,,,,,,,,,,,,
2013-08-20,MJ1323YNG1TZZC,Hitachi HDS5C3030ALA630,3000592982016,0,,0,,,,,,,,0,,,,,,16607,,,,,,,,,,,,,,,,,,,,,,,,,,,,,,26,,,,,,0,,,,,,,,,,,,,,,,,,,,,,,,,,,,
2013-08-20,W1F09A2M,ST3000DM001,3000592982016,0,,18892352,,,,,,,,0,,,,,,11999,,,,,,,,,,,,,,,,,,,,,,,,,,,,,,19,,,,,,0,,,,,,,,,,,,,,,,,,,,,,,,,,,,
2013-08-20,W1F1354W,ST3000DM001,3000592982016,0,,184875584,,,,,,,,0,,,,,,4999,,,,,,,,,,,,,,,,,,,,,,,,,,,,,,23,,,,,,0,,,,,,,,,,,,,,,,,,,,,,,,,,,,
2013-08-20,W1F0A3HG,ST3000DM001,3000592982016,0,,214732376,,,,,,,,0,,,,,,11996,,,,,,,,,,,,,,,,,,,,,,,,,,,,,,22,,,,,,0,,,,,,,,,,,,,,,,,,,,,,,,,,,,
2013-08-20,S1F11C16,ST3000DM001,3000592982016,0,,96516024,,,,,,,,0,,,,,,5314,,,,,,,,,,,,,,,,,,,,,,,,,,,,,,22,,,,,,0,,,,,,,,,,,,,,,,,,,,,,,,,,,,
2013-08-20,MJ1311YNG3996A,Hitachi HDS5C3030ALA630,3000592982016,0,,0,,,,,,,,0,,,,,,16607,,,,,,,,,,,,,,,,,,,,,,,,,,,,,,26,,,,,,0,,,,,,,,,,,,,,,,,,,,,,,,,,,,
2013-08-20,JK11A8B9J9DLGF,Hitachi HDS722020ALA330,2000398934016,0,,0,,,,,,,,0,,,,,,21784,,,,,,,,,,,,,,,,,,,,,,,,,,,,,,28,,,,,,0,,,,,,,,,,,,,,,,,,,,,,,,,,,,
2013-08-20,PL1331LAGB7UBH,Hitachi HDS5C4040ALE630,4000787030016,0,,0,,,,,,,,0,,,,,,2375,,,,,,,,,,,,,,,,,,,,,,,,,,,,,,25,,,,,,0,,,,,,,,,,,,,,,,,,,,,,,,,,,,
2013-08-20,Z300GPJ5,ST4000DM000,4000787030016,0,,137324160,,,,,,,,0,,,,,,875,,,,,,,,,,,,,,,,,,,,,,,,,,,,,,23,,,,,,0,,,,,,,,,,,,,,,,,,,,,,,,,,,,
2013-08-20,W300BAS8,ST4000DM000,4000787030016,0,,224133904,,,,,,,,0,,,,,,1577,,,,,,,,,,,,,,,,,,,,,,,,,,,,,,17,,,,,,0,,,,,,,,,,,,,,,,,,,,,,,,,,,,
2013-08-20,W300912F,ST4000DM000,4000787030016,0,,71817960,,,,,,,,0,,,,,,1578,,,,,,,,,,,,,,,,,,,,,,,,,,,,,,21,,,,,,0,,,,,,,,,,,,,,,,,,,,,,,,,,,,
2013-08-20,W1F09A60,ST3000DM001,3000592982016,0,,155536136,,,,,,,,0,,,,,,11994,,,,,,,,,,,,,,,,,,,,,,,,,,,,,,22,,,,,,0,,,,,,,,,,,,,,,,,,,,,,,,,,,,
2013-08-20,W1F0A57J,ST3000DM001,3000592982016,0,,27654264,,,,,,,,0,,,,,,11980,,,,,,,,,,,,,,,,,,,,,,,,,,,,,,23,,,,,,0,,,,,,,,,,,,,,,,,,,,,,,,,,,,
2013-08-20,W300DF8H,ST4000DM000,4000787030016,0,,213138480,,,,,,,,0,,,,,,1576,,,,,,,,,,,,,,,,,,,,,,,,,,,,,,20,,,,,,0,,,,,,,,,,,,,,,,,,,,,,,,,,,,
2013-08-20,Z300GQK1,ST4000DM000,4000787030016,0,,191271616,,,,,,,,0,,,,,,875,,,,,,,,,,,,,,,,,,,,,,,,,,,,,,25,,,,,,0,,,,,,,,,,,,,,,,,,,,,,,,,,,,
2013-08-20,W300B5D1,ST4000DM000,4000787030016,0,,70765160,,,,,,,,0,,,,,,1578,,,,,,,,,,,,,,,,,,,,,,,,,,,,,,21,,,,,,0,,,,,,,,,,,,,,,,,,,,,,,,,,,,
2013-08-20,Z1F1479Y,ST3000DM001,3000592982016,0,,114033864,,,,,,,,0,,,,,,5315,,,,,,,,,,,,,,,,,,,,,,,,,,,,,,23,,,,,,0,,,,,,,,,,,,,,,,,,,,,,,,,,,,
2013-08-20,W300E2CY,ST4000DM000,4000787030016,0,,223412072,,,,,,,,0,,,,,,1576,,,,,,,,,,,,,,,,,,,,,,,,,,,,,,17,,,,,,0,,,,,,,,,,,,,,,,,,,,,,,,,,,,
2013-08-20,S1F135SZ,ST3000DM001,3000592982016,0,,60501960,,,,,,,,0,,,,,,5314,,,,,,,,,,,,,,,,,,,,,,,,,,,,,,23,,,,,,0,,,,,,,,,,,,,,,,,,,,,,,,,,,,
2013-08-20,Z300GPZS,ST4000DM000,4000787030016,0,,11638824,,,,,,,,0,,,,,,939,,,,,,,,,,,,,,,,,,,,,,,,,,,,,,25,,,,,,0,,,,,,,,,,,,,,,,,,,,,,,,,,,,
2013-08-20,W300AZEP,ST4000DM000,4000787030016,0,,174350016,,,,,,,,0,,,,,,1576,,,,,,,,,,,,,,,,,,,,,,,,,,,,,,22,,,,,,0,,,,,,,,,,,,,,,,,,,,,,,,,,,,
